id,examRound,year,questionNumber,session,subject,officialLarge,officialMedium,officialSmall,normalizedTheme,subTheme,importance,studyPoint,sourceUrl,sourceReliability,blueprintVersion,questionCountMode,memo
30-001,30,2022,1,共通,医療概論,専門基礎科目,医療概論,介護保険制度,social-security,介護保険の保険者,,介護保険の保険者は市町村・特別区。都道府県・国ではない。第1号被保険者（65歳以上）・第2号被保険者（40〜64歳）を覚える,,indexed_official,2020,180,
30-002,30,2022,2,共通,医療概論,専門基礎科目,医療概論,国民医療費,health-policy,国民医療費に含まれるもの,,国民医療費に含まれない費用：正常分娩費・健康診断費・予防接種費・差額ベッド代。保険給付費・公費医療費は含まれる,,indexed_official,2020,180,
30-003,30,2022,3,共通,医療概論,専門基礎科目,医療概論,医療保険制度,health-policy,被用者保険でないもの,,被用者保険（健康保険・共済組合・船員保険）に含まれないのは国民健康保険（自営業者・農業者等が対象）,,indexed_official,2020,180,
30-004,30,2022,4,共通,医療概論,専門基礎科目,医療概論,医師患者関係,medical-ethics,患者と医療従事者の関係,,インフォームドコンセントは患者の自律・自己決定権を尊重。パターナリズムは医師主導の父権的関係。相互参加モデルが現代の理想,,indexed_official,2020,180,
30-005,30,2022,5,共通,衛生学・公衆衛生学,専門基礎科目,衛生学・公衆衛生学,疾病予防,health-policy,ハイリスクアプローチの特徴,,ハイリスクアプローチは高リスク者を絞り込み集中介入。ポピュレーションアプローチは集団全体に働きかける。一次予防と二次予防の違いも整理する,,indexed_official,2020,180,
30-006,30,2022,6,共通,衛生学・公衆衛生学,専門基礎科目,衛生学・公衆衛生学,学校保健,school-health,中学・高校生の被患率が高い疾患,,学校保健統計調査で中学・高校生の被患率最高は裸眼視力1.0未満（近視）。次いでう歯。問題は「歯・口腔疾患」を問う場合もある,,indexed_official,2020,180,
30-007,30,2022,7,共通,衛生学・公衆衛生学,専門基礎科目,衛生学・公衆衛生学,疫学研究,epidemiology,横断調査で明らかになる疫学指標,,横断調査（クロスセクション研究）で測定できるのは有病率。罹患率はコホート研究（縦断研究）で測定。横断研究は因果関係の証明に弱い,,indexed_official,2020,180,
30-008,30,2022,8,共通,衛生学・公衆衛生学,専門基礎科目,衛生学・公衆衛生学,地域保健行政,health-policy,保健所の根拠法と業務,,保健所は地域保健法に基づき都道府県・政令指定都市等が設置。結核・精神保健・感染症対策・食品衛生を担う。市町村保健センターと区別,,indexed_official,2020,180,
30-009,30,2022,9,共通,衛生学・公衆衛生学,専門基礎科目,衛生学・公衆衛生学,生活習慣病,health-policy,運動により減少するもの,,定期的な運動で減少するもの：LDLコレステロール・中性脂肪・血圧・空腹時血糖。HDLコレステロールは増加（正常化）する,,indexed_official,2020,180,
30-010,30,2022,10,共通,衛生学・公衆衛生学,専門基礎科目,衛生学・公衆衛生学,産業保健,health-policy,産業衛生管理の作業管理,,作業管理＝労働者の作業姿勢・方法・保護具使用を管理し有害因子への曝露を低減。作業環境管理は換気等の環境改善,,indexed_official,2020,180,
30-011,30,2022,11,共通,関係法規,専門基礎科目,関係法規,あはき法,hari-kyu-law,施術者への指示と意見,,あはき法で施術者に業務指示ができるのは医師のみ。施術者団体が都道府県知事に意見を述べる規定はあるが、業務への指示は医師のみ,,indexed_official,2020,180,
30-012,30,2022,12,共通,関係法規,専門基礎科目,関係法規,あはき法,hari-kyu-law,施術所届出事項の変更,,施術所の届出事項：開設者・施術者氏名・施術所の名称・所在地・構造設備。構造設備の変更は届出要。開設者氏名変更も届出要,,indexed_official,2020,180,
30-013,30,2022,13,共通,関係法規,専門基礎科目,関係法規,あはき法,hari-kyu-law,施術所の広告規制,,施術所の広告可能事項：氏名・住所・電話番号・施術日時・施術料金・出張施術の旨。技術の優秀性・最高の治療等の誇大広告は禁止,,indexed_official,2020,180,
30-014,30,2022,14,共通,関係法規,専門基礎科目,関係法規,あはき法,hari-kyu-law,罰則規定の量刑,,あはき法の罰則：無免許業務（1年以下懲役または50万円以下罰金）が最も重い。虚偽報告は30万円以下罰金。量刑の重さの順を整理,,indexed_official,2020,180,
30-015,30,2022,15,共通,解剖学,専門基礎科目,解剖学,頸椎,musculoskeletal-system,頸椎の形態的特徴,,頸椎は7個。第1頸椎（環椎）に椎体なし。第2頸椎（軸椎）は歯突起をもつ。環軸関節は頭部回旋の主要関節。第6頸椎は椎体が大きい,,indexed_official,2020,180,
30-016,30,2022,16,共通,解剖学,専門基礎科目,解剖学,横隔膜,musculoskeletal-system,横隔膜の裂孔と通過構造,,大動脈裂孔（T12）：大動脈・胸管通過。食道裂孔（T10）：食道・迷走神経通過。腔静脈孔（T8）：下大静脈通過。数字は「大食下」で記憶,,indexed_official,2020,180,
30-017,30,2022,17,共通,解剖学,専門基礎科目,解剖学,上肢の筋,musculoskeletal-system,上肢の筋と作用の組合せ,,上腕二頭筋：前腕屈曲・回外。上腕筋：前腕屈曲のみ。腕橈骨筋：前腕屈曲・半回内外位。円回内筋：前腕回内のみ。作用の組合せを整理,,indexed_official,2020,180,
30-018,30,2022,18,共通,解剖学,専門基礎科目,解剖学,頸部動脈,circulatory-system,外頸動脈の枝,,外頸動脈8枝：上甲状腺・舌・顔面・後頭・上行咽頭・耳介後・顎・浅側頭動脈。内頸動脈は顎下部で外頸に隣接し眼・脳を栄養する,,indexed_official,2020,180,
30-019,30,2022,19,共通,解剖学,専門基礎科目,解剖学,静脈,circulatory-system,静脈の特徴,,静脈は薄壁・低圧・弁あり（四肢の静脈）。毛細血管には弁なし。血液は心臓方向へ流れる。門脈は腸管→肝臓への特殊な静脈系,,indexed_official,2020,180,
30-020,30,2022,20,共通,解剖学,専門基礎科目,解剖学,消化管,visceral-anatomy,食道の形態と特徴,,食道の3狭窄：食道入口部・大動脈弓交叉部・横隔膜貫通部。後縦隔内を走行。上部は横紋筋・下部は平滑筋。粘膜は重層扁平上皮,,indexed_official,2020,180,
30-021,30,2022,21,共通,解剖学,専門基礎科目,解剖学,消化腺,visceral-anatomy,膵臓の位置と機能,,膵臓は後腹膜臓器（腹膜外位）。頭部はC字状の十二指腸に囲まれる。外分泌（消化酵素）と内分泌（インスリン・グルカゴン）の両機能をもつ,,indexed_official,2020,180,
30-022,30,2022,22,共通,解剖学,専門基礎科目,解剖学,神経系,nervous-system,痛覚伝導路の構成,,温痛覚はAδ・C線維→脊髄後角→脊髄視床路（外側）→視床→大脳感覚野。深部感覚は後索（薄束・楔状束）→延髄→内側毛帯→視床,,indexed_official,2020,180,
30-023,30,2022,23,共通,解剖学,専門基礎科目,解剖学,皮膚,histology,皮膚の構造と機能,,皮膚は表皮・真皮・皮下組織の3層。表皮には基底層・有棘層・顆粒層・角質層（マルピーギ層）。ランゲルハンス細胞は抗原提示・メラノサイトは色素産生,,indexed_official,2020,180,
30-024,30,2022,24,共通,病理学,専門基礎科目,病理学,遺伝と病理,pathology,DNAの特徴,,DNAは二重らせん構造（A-T・G-C塩基対）。細胞核に主存在（ミトコンドリアにも少量）。S期にDNA複製。RNA→蛋白質の転写・翻訳を経る,,indexed_official,2020,180,
30-025,30,2022,25,共通,生理学,専門基礎科目,生理学,循環生理,cardiovascular-physiology,血管の特徴,,毛細血管は物質交換の場（壁が最薄）。細動脈は末梢抵抗が最大。静脈系は血液全体量の約70%を貯留する容量血管。大動脈は弾性型動脈,,indexed_official,2020,180,
30-026,30,2022,26,共通,生理学,専門基礎科目,生理学,消化吸収,metabolic-physiology,消化液と消化酵素の組合せ,,唾液腺→アミラーゼ。胃腺→ペプシン。膵臓→アミラーゼ・リパーゼ・トリプシン（膵液）。小腸→マルターゼ・スクラーゼ・ラクターゼ,,indexed_official,2020,180,
30-027,30,2022,27,共通,生理学,専門基礎科目,生理学,体温調節,metabolic-physiology,体温の調節機構,,体温調節中枢は視床下部。腋窩温より核心温（直腸・食道・鼓膜）が高い。甲状腺ホルモンは代謝亢進→体温上昇に関与。発熱はPGE2が視床下部に作用,,indexed_official,2020,180,
30-028,30,2022,28,共通,生理学,専門基礎科目,生理学,内分泌,endocrine-physiology,糖質コルチコイドの作用,,コルチゾール（糖質コルチコイド）：血糖上昇・蛋白質分解・免疫抑制・抗炎症作用・ストレス応答。アルドステロン（鉱質コルチコイド）はNa再吸収,,indexed_official,2020,180,
30-029,30,2022,29,共通,生理学,専門基礎科目,生理学,加齢変化,metabolic-physiology,加齢に伴い増加するもの,,加齢で増加：収縮期血圧・LDLコレステロール・空腹時血糖・前立腺肥大。加齢で低下：肺活量・最大酸素摂取量・基礎代謝率・腎糸球体ろ過量,,indexed_official,2020,180,
30-030,30,2022,30,共通,生理学,専門基礎科目,生理学,神経生理,neurophysiology,脳波の種類と状態,,α波（8〜13Hz・安静閉眼時）・β波（14Hz以上・覚醒・注意時）・θ波（浅睡眠・眠気）・δ波（深睡眠）。てんかんでは棘波・徐波複合,,indexed_official,2020,180,
30-031,30,2022,31,共通,生理学,専門基礎科目,生理学,筋生理,metabolic-physiology,筋収縮でエネルギーを必要とする過程,,筋弛緩時（ミオシン頭部がアクチンから離れる過程）にATPが必要。ATPの加水分解エネルギーがパワーストローク（収縮力発生）を引き起こす,,indexed_official,2020,180,
30-032,30,2022,32,共通,生理学,専門基礎科目,生理学,感覚生理,neurophysiology,近くを見るときの眼の変化,,近見反応：水晶体厚み増す（毛様体筋収縮・チン小帯弛緩）・瞳孔縮小（縮瞳）・輻輳（両眼球内転）の三徴。遠見では毛様体筋弛緩・瞳孔散大,,indexed_official,2020,180,
30-033,30,2022,33,共通,病理学,専門基礎科目,病理学,遺伝性疾患,pathology,遺伝性疾患の遺伝形式,,常染色体優性：ハンチントン病・家族性大腸腺腫症。常染色体劣性：フェニルケトン尿症・嚢胞性線維症。X連鎖劣性：血友病A・デュシェンヌ型筋ジストロフィー,,indexed_official,2020,180,
30-034,30,2022,34,共通,病理学,専門基礎科目,病理学,ウイルス学,infectious-disease,DNAウイルスの種類,,DNAウイルス：ヘルペスウイルス・B型肝炎ウイルス・アデノウイルス・ヒトパピローマウイルス・天然痘ウイルス。RNAウイルス：インフルエンザ・HIV・HCV・麻疹・風疹,,indexed_official,2020,180,
30-035,30,2022,35,共通,病理学,専門基礎科目,病理学,循環障害,pathology,急性心筋梗塞時の肺の変化,,左冠動脈閉塞→左心機能低下→肺静脈圧上昇→肺うっ血・肺水腫（アルベオール内液貯留）。右心不全では下肢浮腫・肝うっ血が起こる,,indexed_official,2020,180,
30-036,30,2022,36,共通,病理学,専門基礎科目,病理学,炎症の分類,pathology,フィブリン滲出が主体の炎症,,フィブリン（フィブリノゲン）滲出が特徴的な炎症は線維素性炎（偽膜性炎・クループ性炎含む）。化膿性炎は好中球主体。肉芽腫性炎は類上皮細胞・巨細胞,,indexed_official,2020,180,
30-037,30,2022,37,共通,臨床医学総論,専門基礎科目,臨床医学総論,免疫学,immunology,抗原提示細胞の種類,,抗原提示細胞（APC）：樹状細胞・マクロファージ・B細胞。MHCクラスⅡ分子でCD4陽性Tヘルパー細胞に抗原提示する。好中球・NK細胞は抗原提示しない,,indexed_official,2020,180,
30-038,30,2022,38,共通,病理学,専門基礎科目,病理学,腫瘍,pathology,癌と前癌病変の対応,,前癌病変と対応するがん：子宮頸部異形成→子宮頸がん。大腸腺腫（ポリープ）→大腸がん。バレット食道→食道腺がん。肝硬変→肝細胞がん,,indexed_official,2020,180,
30-039,30,2022,39,共通,リハビリテーション医学,専門基礎科目,リハビリテーション医学,脳性麻痺,rehabilitation,はさみ脚歩行（剪刀歩行）を呈する脳性麻痺の型,,はさみ脚歩行は両股関節内転・内旋強直による歩行障害。痙直型（両麻痺・四肢麻痺）に多い。アテトーゼ型はくねり様不随意運動を伴う,,indexed_official,2020,180,
30-040,30,2022,40,共通,解剖学,専門基礎科目,解剖学,神経系,nervous-system,対光反射の遠心路,,対光反射の遠心路：動眼神経（副交感線維）→毛様体神経節→短毛様体神経→瞳孔括約筋（縮瞳）。求心路は視神経→視蓋前野（中脳）,,indexed_official,2020,180,
30-041,30,2022,41,共通,臨床医学各論,専門基礎科目,臨床医学各論,末梢神経障害,neurology,鷲手をきたす罹患神経,,鷲手（下位型尺骨神経麻痺）：第4・5指の基節骨過伸展・末節屈曲。下垂手は橈骨神経麻痺。猿手（母指対立不能）は正中神経麻痺,,indexed_official,2020,180,
30-042,30,2022,42,共通,臨床医学各論,専門基礎科目,臨床医学各論,脂質異常症,cardiology,基準値を下回ると動脈硬化リスクが増加する血中脂質,,HDLコレステロール（善玉）は40mg/dL未満で動脈硬化リスク増大。LDL高値・HDL低値・中性脂肪高値がメタボの診断基準,,indexed_official,2020,180,
30-043,30,2022,43,共通,臨床医学各論,専門基礎科目,臨床医学各論,リンパ節腫脹,hematology,リンパ節腫脹の原因,,リンパ節腫脹の原因：感染症（細菌・ウイルス）・悪性リンパ腫・転移性腫瘍・サルコイドーシス・膠原病。圧痛あれば炎症性・硬く無痛なら腫瘍性を疑う,,indexed_official,2020,180,
30-044,30,2022,44,共通,臨床医学各論,専門基礎科目,臨床医学各論,呼吸器症状,respiratory,呼吸器症状の特徴,,喀血（気道・肺からの出血：鮮紅色・泡沫状）と吐血（消化管からの出血：暗赤色・コーヒー残渣様）の区別。チアノーゼは還元ヘモグロビン5g/dL以上で出現,,indexed_official,2020,180,
30-045,30,2022,45,共通,臨床医学総論,専門基礎科目,臨床医学総論,救急医療,clinical-general,一次救命処置（BLS）について,,BLS：胸骨圧迫100〜120回/分・深さ5〜6cm・AED使用。圧迫30：人工呼吸2の比率。医師の指示なく一般市民・鍼灸師でも実施可能,,indexed_official,2020,180,
30-046,30,2022,46,共通,臨床医学各論,専門基礎科目,臨床医学各論,意識障害,neurology,意識障害の重症度分類,,JCS（ジャパン・コーマ・スケール）：Ⅰ（刺激なしで覚醒）・Ⅱ（刺激で覚醒）・Ⅲ（刺激しても覚醒なし）の3段階。Ⅲ-300が最も重篤（深昏睡）,,indexed_official,2020,180,
30-047,30,2022,47,共通,臨床医学総論,専門基礎科目,臨床医学総論,栄養・代謝,clinical-general,やせをきたしやすい疾患,,るいそうをきたす疾患：甲状腺機能亢進症・悪性腫瘍・結核・糖尿病（インスリン不足）・副腎不全。肥満をきたすのはCushing症候群・甲状腺機能低下症,,indexed_official,2020,180,
30-048,30,2022,48,共通,臨床医学各論,専門基礎科目,臨床医学各論,めまい,neurology,めまいをきたす疾患の分類,,末梢性めまい（回転性強い・耳症状あり）：BPPV・前庭神経炎・メニエール病。中枢性めまい（持続性・小脳・脳幹病変）：脳梗塞・小脳出血,,indexed_official,2020,180,
30-049,30,2022,49,共通,臨床医学各論,専門基礎科目,臨床医学各論,変形性関節症,musculoskeletal-disease,変形性関節症の単純X線所見,,変形性関節症のX線所見：関節裂隙狭小化・骨棘形成・軟骨下骨硬化・骨嚢腫。骨粗鬆症像（骨萎縮）はRAに多い。変形性はOA（Osteoarthritis）,,indexed_official,2020,180,
30-050,30,2022,50,共通,臨床医学各論,専門基礎科目,臨床医学各論,骨代謝疾患,musculoskeletal-disease,くる病の治療,,くる病（ビタミンD欠乏による小児の骨石灰化障害）の治療：ビタミンD補充・カルシウム補充・日光曝露。ビスホスホネートは骨粗鬆症治療薬でくる病に不適切,,indexed_official,2020,180,
30-051,30,2022,51,共通,臨床医学各論,専門基礎科目,臨床医学各論,骨・軟部組織疾患,musculoskeletal-disease,骨化性筋炎の原因,,骨化性筋炎は外傷・繰り返す微小外傷による筋肉内の異所性骨化。固定中の反復ストレッチ・過激なマッサージで悪化するため施術に注意,,indexed_official,2020,180,
30-052,30,2022,52,共通,臨床医学各論,専門基礎科目,臨床医学各論,外傷,musculoskeletal-disease,外傷とその原因の組合せ,,コーレス骨折（橈骨遠位端）：転倒・手掌をついた際。マレット変形：指先への強制屈曲。ボクサー骨折：第5中手骨頸部骨折（拳で打つ）,,indexed_official,2020,180,
30-053,30,2022,53,共通,臨床医学各論,専門基礎科目,臨床医学各論,神経筋疾患,neurology,ALSによくみられるもの,,ALS：上位・下位運動ニューロン障害（筋萎縮・線維束性収縮・痙縮・腱反射亢進が混在）。感覚障害・排尿障害・眼球運動障害は通常みられない（Spared systems）,,indexed_official,2020,180,
30-054,30,2022,54,共通,臨床医学各論,専門基礎科目,臨床医学各論,パーキンソン病,neurology,パーキンソン病の振戦が起こりやすい場面,,パーキンソン病の振戦は安静時振戦（pill-rolling tremor）が特徴。随意運動時には減少し、安静・緊張時に出現・増悪する。本態性振戦は動作時,,indexed_official,2020,180,
30-055,30,2022,55,共通,臨床医学各論,専門基礎科目,臨床医学各論,脳血管疾患,neurology,高血圧性脳出血の最好発部位,,高血圧性脳出血の最好発部位は被殻（全体の約60%）。レンズ核線条体動脈が破綻する。次いで視床・小脳・橋・皮質下の順,,indexed_official,2020,180,
30-056,30,2022,56,共通,臨床医学各論,専門基礎科目,臨床医学各論,血液疾患,hematology,汎血球減少症をきたす疾患,,汎血球減少症（赤血球・白血球・血小板すべて減少）：再生不良性貧血・骨髄異形成症候群・白血病（骨髄浸潤）・巨赤芽球性貧血（ビタミンB12・葉酸欠乏）,,indexed_official,2020,180,
30-057,30,2022,57,共通,臨床医学各論,専門基礎科目,臨床医学各論,白血病,hematology,急性骨髄性白血病の特徴,,AML：骨髄芽球増加・Auer小体出現（特徴的）・汎血球減少・M3型（APL）はDICを合併しやすい。ALL（急性リンパ性）は小児に多い,,indexed_official,2020,180,
30-058,30,2022,58,共通,臨床医学各論,専門基礎科目,臨床医学各論,婦人科疾患,gynecology,子宮筋腫の特徴,,子宮筋腫：良性の平滑筋腫瘍・エストロゲン依存性（閉経後に縮小）・月経過多・不正出血・貧血を引き起こす。最多の女性生殖器良性腫瘍,,indexed_official,2020,180,
30-059,30,2022,59,共通,臨床医学各論,専門基礎科目,臨床医学各論,呼吸器感染症,respiratory,非結核性抗酸菌症の特徴,,NTM症：人から人への感染なし（土壌・水道水が感染源）。肺MAC症が最多。抗結核薬に抵抗性。高齢女性・側弯体型（Lady Windermere症候群）に多い,,indexed_official,2020,180,
30-060,30,2022,60,共通,臨床医学各論,専門基礎科目,臨床医学各論,腎疾患,renal-urological,腎前性腎不全の病因,,腎前性腎不全：腎への血流量低下が原因（出血・脱水・心不全・ショック）。BUN/Cr比上昇。腎自体には障害なく補液で改善する,,indexed_official,2020,180,
30-061,30,2022,61,共通,臨床医学各論,専門基礎科目,臨床医学各論,不整脈,cardiology,予後が最も良い不整脈,,予後が良い不整脈：洞性不整脈（呼吸性変動・正常範囲）。上室性期外収縮も多くは良性。心室細動・完全房室ブロック・心室頻拍は致死的,,indexed_official,2020,180,
30-062,30,2022,62,共通,臨床医学各論,専門基礎科目,臨床医学各論,眼科疾患,dermatology,日本における後天性失明の最多原因,,日本の後天性失明原因1位：緑内障（視神経障害による不可逆的視野障害）。2位：糖尿病網膜症。3位：網膜色素変性。加齢黄斑変性は増加中,,indexed_official,2020,180,
30-063,30,2022,63,共通,臨床医学総論,専門基礎科目,臨床医学総論,免疫学,immunology,Ⅳ型アレルギーの特徴,,Ⅳ型（遅延型・細胞性）アレルギー：T細胞が主体・抗体非関与・24〜72時間で発現。接触性皮膚炎・ツベルクリン反応・移植拒絶反応が代表例,,indexed_official,2020,180,
30-064,30,2022,64,共通,臨床医学各論,専門基礎科目,臨床医学各論,精神発達障害,neurology,3つの特徴がみられる発達障害,,自閉スペクトラム症（ASD）の特徴：社会的コミュニケーション障害・反復的行動・常同行動・感覚過敏の3主徴。ADHDは不注意・多動・衝動性が2〜3主徴,,indexed_official,2020,180,
30-065,30,2022,65,共通,衛生学・公衆衛生学,専門基礎科目,衛生学・公衆衛生学,感染症,infectious-disease,感染症と媒介生物の組合せ,,媒介生物と感染症：蚊→マラリア・日本脳炎・デング熱。マダニ→ライム病・日本紅斑熱・重症熱性血小板減少症候群（SFTS）。シラミ→発疹チフス,,indexed_official,2020,180,
30-066,30,2022,66,共通,臨床医学各論,専門基礎科目,臨床医学各論,膵臓疾患,gastroenterology,急性膵炎の最多タイプ,,急性膵炎の主要2大原因：アルコール性（男性に多い）と胆石性（女性に多い）。重症化はSIRS→多臓器不全。CT・血清アミラーゼ・リパーゼで診断,,indexed_official,2020,180,
30-067,30,2022,67,共通,衛生学・公衆衛生学,専門基礎科目,衛生学・公衆衛生学,感染症対策,infectious-disease-control,予防接種が有効な感染症,,ワクチン有効感染症：麻疹・風疹・水痘・流行性耳下腺炎・B型肝炎・破傷風・ジフテリア・百日咳・肺炎球菌。HIV・マラリア・HCVはワクチン未開発,,indexed_official,2020,180,
30-068,30,2022,68,共通,衛生学・公衆衛生学,専門基礎科目,衛生学・公衆衛生学,ウイルス感染症,infectious-disease,アデノウイルス感染症の特徴,,アデノウイルス：咽頭結膜熱（プール熱）・流行性角結膜炎・出血性膀胱炎。非エンベロープDNAウイルスでアルコール消毒に抵抗性あり（次亜塩素酸が有効）,,indexed_official,2020,180,
30-069,30,2022,69,共通,臨床医学各論,専門基礎科目,臨床医学各論,消化器腫瘍,gastroenterology,大腸癌の特徴,,大腸癌：S状結腸・直腸に好発。粘血便・便潜血陽性・便柱狭小化が症状。腺癌が最多組織型。遺伝性（家族性大腸腺腫症・Lynch症候群）もある,,indexed_official,2020,180,
30-070,30,2022,70,共通,臨床医学各論,専門基礎科目,臨床医学各論,肝炎,gastroenterology,ウイルス性肝炎と感染経路,,A型・E型肝炎：経口感染（糞口感染）。B型・C型・D型肝炎：血液・体液感染（輸血・性行為・母子感染）。B型はワクチン有・C型は直接作用型抗ウイルス薬で根治可能,,indexed_official,2020,180,
30-071,30,2022,71,共通,リハビリテーション医学,専門基礎科目,リハビリテーション医学,社会的リハビリテーション,rehabilitation,社会的リハビリテーションに該当するもの,,社会的リハビリテーション：社会参加支援・就労支援・バリアフリー環境整備・社会保障サービス活用。身体的は機能回復訓練。職業的は就労特化支援,,indexed_official,2020,180,
30-072,30,2022,72,共通,リハビリテーション医学,専門基礎科目,リハビリテーション医学,多職種連携,rehabilitation,退院後の在宅施設利用調整を行う職種,,退院後の在宅サービス（介護保険サービス等）の利用調整は介護支援専門員（ケアマネジャー）が担う。MSWは入院中の退院支援・社会福祉資源の紹介,,indexed_official,2020,180,
30-073,30,2022,73,共通,リハビリテーション医学,専門基礎科目,リハビリテーション医学,歩行分析,rehabilitation,疾患と異常歩行の組合せ,,片麻痺→分回し歩行（患側下肢を外側に振り回す）。PD→小刻み歩行・すくみ足。中殿筋麻痺→トレンデレンブルグ歩行。小脳失調→酩酊様歩行,,indexed_official,2020,180,
30-074,30,2022,74,共通,リハビリテーション医学,専門基礎科目,リハビリテーション医学,装具療法,rehabilitation,手関節背屈装具の適応,,手関節背屈装具（コックアップスプリント）の適応：橈骨神経麻痺（垂手）。尺骨神経麻痺には中手指節関節伸展装具（鷲手矯正）。神経麻痺と装具の対応を整理,,indexed_official,2020,180,
30-075,30,2022,75,共通,リハビリテーション医学,専門基礎科目,リハビリテーション医学,動作分析,rehabilitation,スプーン操作の前腕・手関節運動,,スプーン操作：肘屈曲→前腕回外（食物を掬う）→手関節背屈・橈屈（口に運ぶ）。前腕回内・手関節掌屈では内容物をこぼすため不適切,,indexed_official,2020,180,
30-076,30,2022,76,共通,リハビリテーション医学,専門基礎科目,リハビリテーション医学,脳卒中リハ,rehabilitation,生活期に最も使用される装具,,脳卒中片麻痺の生活期（在宅期）で最多使用される装具はプラスチック製短下肢装具（AFO）。尖足変形を防ぎ安定した歩行を実現する,,indexed_official,2020,180,
30-077,30,2022,77,共通,リハビリテーション医学,専門基礎科目,リハビリテーション医学,脊髄損傷,rehabilitation,脊髄損傷の自律神経過反射,,自律神経過反射：T6以上の損傷で発生。誘因は膀胱充満・便秘・圧迫。急激な血圧上昇・発汗・頭痛・顔面紅潮→座位・誘因除去が緊急対応,,indexed_official,2020,180,
30-078,30,2022,78,共通,リハビリテーション医学,専門基礎科目,リハビリテーション医学,義肢,rehabilitation,PTB下腿義足の特徴,,PTB（Patella Tendon Bearing）義足：膝蓋腱・膝蓋骨下縁で体重を主に支持。下腿切断で膝関節機能が保たれた場合に適応。ソケットの適合が重要,,indexed_official,2020,180,
30-079,30,2022,79,共通,リハビリテーション医学,専門基礎科目,リハビリテーション医学,脳性麻痺,rehabilitation,脳性麻痺の定義と特徴,,脳性麻痺：胎児期〜生後4週（新生児期）以内の脳損傷による非進行性の運動・姿勢障害。知的障害・てんかん・コミュニケーション障害を合併することが多い,,indexed_official,2020,180,
30-080,30,2022,80,共通,臨床医学各論,専門基礎科目,臨床医学各論,呼吸器疾患,respiratory,ヒュー・ジョーンズ分類,,ヒュー・ジョーンズ分類：COPD等の労作時呼吸困難の重症度を5段階評価。Ⅰ度（健常者と同様）〜Ⅴ度（安静時も呼吸困難）。MRCスケールとともに使用,,indexed_official,2020,180,
30-081,30,2022,81,共通,リハビリテーション医学,専門基礎科目,リハビリテーション医学,変形性膝関節症リハ,rehabilitation,変形性膝関節症の最も適切なリハ,,変形性膝関節症のリハ：大腿四頭筋（特に内側広筋）強化訓練が基本。体重コントロール・水中歩行・痛みに応じた有酸素運動が推奨,,indexed_official,2020,180,
30-082,30,2022,82,共通,臨床医学各論,専門基礎科目,臨床医学各論,パーキンソン病,neurology,パーキンソン病の症状,,PD4主徴：安静時振戦・筋強剛（歯車様）・無動・姿勢反射障害。非運動症状：便秘・抑うつ・嗅覚障害・睡眠障害・自律神経症状（起立性低血圧等）,,indexed_official,2020,180,
30-083,30,2022,83,共通,臨床医学各論,専門基礎科目,臨床医学各論,脳血管疾患,neurology,右被殻出血の高次脳機能障害,,右半球の被殻出血では左半側空間無視（左USN）が出現しやすい。失語症は左半球病変。半側空間無視は日常生活・リハに大きく影響する,,indexed_official,2020,180,
30-084,30,2022,84,共通,リハビリテーション医学,専門基礎科目,リハビリテーション医学,高次脳機能障害,rehabilitation,視覚見落とし（左USN）への対応,,左半側空間無視への対応：重要物を患者の右側に配置・視覚的手がかり・プリズム適応療法・ミラーセラピー（幻肢痛には使用）は不適切,,indexed_official,2020,180,
30-085,30,2022,85,共通,臨床医学各論,専門基礎科目,臨床医学各論,肩関節疾患,musculoskeletal-disease,肩関節脱臼の診察所見,,肩関節前方脱臼の所見：方形肩・上腕外転外旋位・腋窩部の血管神経損傷（腋窩神経→デルタ領域感覚低下）。デュガステスト陽性,,indexed_official,2020,180,
30-086,30,2022,86,共通,臨床医学各論,専門基礎科目,臨床医学各論,肩関節疾患,musculoskeletal-disease,肩関節脱臼の確定検査,,肩関節脱臼診断確定の最適検査は単純X線（前後像・腋窩像・Y字像）。脱臼方向と骨折合併を確認。MRIは軟部組織（腱板・骨頭）損傷確認に有用,,indexed_official,2020,180,
30-087,30,2022,87,共通,臨床医学各論,専門基礎科目,臨床医学各論,腎疾患,renal-urological,背部鈍痛の最疑患疾患,,右腰背部鈍痛・肋脊柱角叩打痛（+）・発熱・頻尿→腎盂腎炎が最も疑わしい。腰椎椎間板ヘルニアは下肢放散痛あり。腎細胞癌は無症候性血尿,,indexed_official,2020,180,
30-088,30,2022,88,共通,臨床医学各論,専門基礎科目,臨床医学各論,腎疾患,renal-urological,腎盂腎炎の確定検査,,腎盂腎炎の確定診断：尿培養（細菌の同定と薬剤感受性検査）が必須。尿定性は参考値。血培養は敗血症合併時。超音波は尿路閉塞・膿瘍の有無確認,,indexed_official,2020,180,
30-089,30,2022,89,共通,臨床医学各論,専門基礎科目,臨床医学各論,眼科疾患,dermatology,飛蚊症の症状,,飛蚊症：視野に黒点・糸くず・虫のような浮遊物が見える症状。原因：後部硝子体剥離（最多・生理的）・網膜裂孔・硝子体出血・ぶどう膜炎。急増したら緊急受診,,indexed_official,2020,180,
30-090,30,2022,90,共通,臨床医学各論,専門基礎科目,臨床医学各論,眼科疾患,dermatology,網膜剥離を疑う所見,,飛蚊症の急増＋光視症（閃光感）→網膜裂孔・網膜剥離の前兆として緊急受診。強度近視・外傷歴のある患者で発症しやすい。眼底検査で確定,,indexed_official,2020,180,
30-091,30,2022,91,共通,東洋医学概論,専門科目,東洋医学概論,陰陽論,tcm-fundamentals,陰陽の相互関係,,陰陽の関係：相互対立・相互依存（互根）・消長・転化。陰が損なわれれば陽も損なわれる（互根）。陰極まれば陽生ず（転化）。消長は相互の増減,,indexed_official,2020,180,
30-092,30,2022,92,共通,東洋医学概論,専門科目,東洋医学概論,気血津液,tcm-fundamentals,血瘀の症状,,血瘀の特徴的症状：刺痛（固定性・夜間増悪）・口唇や爪の暗紫色変化・舌に瘀点・瘀斑・脈渋・月経血の塊・腫瘤固定（移動しない）,,indexed_official,2020,180,
30-093,30,2022,93,共通,東洋医学概論,専門科目,東洋医学概論,五行論,tcm-fundamentals,気血を化生する臓とその臓を剋する臓,,脾（土行）は水穀から気血を化生（後天の本）。脾を剋するのは肝（木剋土の相剋関係）。肝の疏泄失調→脾の運化障害（肝気犯脾）,,indexed_official,2020,180,
30-094,30,2022,94,共通,東洋医学概論,専門科目,東洋医学概論,臓腑論,tcm-fundamentals,全身の陽気を主る臓腑と表裏関係,,全身の陽気を主るのは腎（命門の火・腎陽が根本）。腎と表裏関係は膀胱（腎と膀胱の表裏配当）。腎は先天の本・生命の根本を主管する,,indexed_official,2020,180,
30-095,30,2022,95,共通,東洋医学概論,専門科目,東洋医学概論,六淫,tcm-fundamentals,外邪とその特徴,,六淫の特徴：風邪（昇散・流動・百病の長）・寒邪（凝滞・収引・痛み）・暑邪（炎上・耗気傷津）・湿邪（重濁・粘滞）・燥邪（乾燥）・火邪（炎上・生風）,,indexed_official,2020,180,
30-096,30,2022,96,共通,東洋医学概論,専門科目,東洋医学概論,七情,tcm-fundamentals,五志と気機・臓の関係,,怒（肝）→気を上昇させる→頭痛・目の充血・喀血。思（脾）→気を結ばせる→食欲低下。悲憂（肺）→気を消耗。恐（腎）→気を下降。驚→気を乱す,,indexed_official,2020,180,
30-097,30,2022,97,共通,経絡経穴概論,専門科目,経絡経穴概論,奇経八脈,meridians-acupoints,陽経の気血を調節する経脈,,陽跷脈（足の少陰腎経の申脈から起始）は全身の陽気・目の開閉を調節。陽維脈は全陽経を束ね調節。衝脈は十二経の海,,indexed_official,2020,180,
30-098,30,2022,98,共通,東洋医学臨床論,専門科目,東洋医学臨床論,弁証論治,tcm-clinical,患者の病因判定,,四診（望・聞・問・切）から病因（六淫・七情・飲食・労逸・先天的要因等）を判定する弁証の過程。症状の性質・誘因・経過から病因を推測,,indexed_official,2020,180,
30-099,30,2022,99,共通,東洋医学臨床論,専門科目,東洋医学臨床論,弁証論治,tcm-clinical,患者の病理判定,,症状・舌象・脈象から気血津液・臓腑の機能失調（病理）を判定。虚実・寒熱・表裏・陰陽の八綱に照らして病機を特定する,,indexed_official,2020,180,
30-100,30,2022,100,共通,東洋医学臨床論,専門科目,東洋医学臨床論,経脈病証,tcm-clinical,前頸部腫脹の経脈病証,,前頸部（甲状腺・リンパ節領域）の腫脹・硬結は足の陽明胃経または足の厥陰肝経の病証に関連。経脈の循行（頸部を通過する経脈）から判断,,indexed_official,2020,180,
30-101,30,2022,101,共通,東洋医学臨床論,専門科目,東洋医学臨床論,経脈病証,tcm-clinical,難聴の経脈病証,,難聴・耳鳴りは足の少陽胆経または手の少陽三焦経の病証に関連。両経とも耳周囲を循行し耳の聴覚を主管する。少陽経の是動病・所生病を確認,,indexed_official,2020,180,
30-102,30,2022,102,共通,東洋医学臨床論,専門科目,東洋医学臨床論,脈診,tcm-clinical,脈状の判定,,脈の要素：脈位（浮・沈）・脈数（遅・数・渋・滑）・脈形（細・大・弦・洪・緊）・脈勢（虚・実）を総合して脈証を判定する,,indexed_official,2020,180,
30-103,30,2022,103,共通,東洋医学臨床論,専門科目,東洋医学臨床論,弁証論治,tcm-clinical,病証の治療原則,,弁証論治の治療原則：補虚瀉実・寒者熱之・熱者寒之・標本を弁じる（急性は標治・慢性は本治）・正気補益優先（邪正の関係）,,indexed_official,2020,180,
30-104,30,2022,104,共通,東洋医学臨床論,専門科目,東洋医学臨床論,弁証論治,tcm-clinical,患者の病証判定,,主訴・随伴症状・舌象（舌質色・舌苔）・脈象を総合して病証（証）を確定する。八綱弁証→臓腑弁証→気血津液弁証の順に思考を深める,,indexed_official,2020,180,
30-105,30,2022,105,共通,経絡経穴概論,専門科目,経絡経穴概論,特定穴,meridians-acupoints,血海（衝脈）と奇経八脈の関係,,血海（脾経SP10）は衝脈の支脈が過ぎる経穴とされる。衝脈は十二経の海・血海（血の総称）とも呼ばれる。血の疾患・月経不調・皮膚疾患に用いる,,indexed_official,2020,180,
30-106,30,2022,106,共通,はり理論,専門科目,はり理論,十二刺,acupuncture-technique,十二刺の偶刺,,偶刺（ぐうし）：前後配穴法。胸腹部の募穴と背部の兪穴を対応させ前後から同時刺鍼する方法。心胸痛・内臓疾患に応用。十二刺の一つ,,indexed_official,2020,180,
30-107,30,2022,107,共通,経絡経穴概論,専門科目,経絡経穴概論,十二経脈,meridians-acupoints,生殖器をめぐる経脈,,生殖器（外陰部・会陰）を循行する経脈：任脈・督脈・衝脈（奇経八脈の3脈）と足の厥陰肝経（正経）。肝経は外陰部を主管する,,indexed_official,2020,180,
30-108,30,2022,108,共通,経絡経穴概論,専門科目,経絡経穴概論,特定穴,meridians-acupoints,八会穴と募穴の重複,,八会穴のうち募穴でもある経穴：中脘（胃経・腑の会）は胃の募穴。膻中（心包経・気の会）は心包の募穴でもある。章門（肝経・臓の会）は脾の募穴,,indexed_official,2020,180,
30-109,30,2022,109,共通,経絡経穴概論,専門科目,経絡経穴概論,骨度法,meridians-acupoints,骨度の寸法対応,,骨度法の数値：前後髪際間12寸。胸骨体下端〜臍8寸。臍〜恥骨結合5寸。腋窩前端〜第11肋骨端12寸。外踝尖〜膝窩横紋16寸,,indexed_official,2020,180,
30-110,30,2022,110,共通,経絡経穴概論,専門科目,経絡経穴概論,募穴,meridians-acupoints,デルマトームに対応する募穴,,胸部デルマトームに対応する募穴：中府（T3〜T4・肺）・膻中（T4〜T5・心包）・巨闕（T5〜T6・心）・中脘（T7〜T8・胃）・章門（T8〜T9・脾）,,indexed_official,2020,180,
30-111,30,2022,111,共通,経絡経穴概論,専門科目,経絡経穴概論,経穴部位,meridians-acupoints,胸骨角を基準とする経穴,,胸骨角（ルイ角）は第2肋骨との接合部。この高さに位置する経穴：紫宮（任脈・前正中線上）・胸骨角が取穴の基準となる経穴を整理,,indexed_official,2020,180,
30-112,30,2022,112,共通,経絡経穴概論,専門科目,経絡経穴概論,経脈流注,meridians-acupoints,督脈と膀胱経の経穴対応,,督脈棘突起下陥凹部の経穴と同高さの膀胱経経穴：大椎（C7）・身柱（T3）・至陽（T7）・脊中（T11）等と膀胱経第1・第2行の対応を整理,,indexed_official,2020,180,
30-113,30,2022,113,共通,はり理論,専門科目,はり理論,刺鍼リスク管理,acupuncture-technique,深刺に注意が必要な腧穴,,深刺危険経穴：天突（気道穿刺）・風府・哑門（延髄）・期門・章門（肝脾損傷）・膻中（心膜）。胸背部経穴は気胸リスク。腰部正中は脊髄損傷リスク,,indexed_official,2020,180,
30-114,30,2022,114,共通,経絡経穴概論,専門科目,経絡経穴概論,経穴部位,meridians-acupoints,経穴の正確な部位確認,,WHO標準経穴（IASTM 2008）に基づく取穴：骨指標・筋腱指標・皮膚紋理を組み合わせ確認。陽陵泉（腓骨頭前下方陥凹）・太渓（内踝後方）が頻出,,indexed_official,2020,180,
30-115,30,2022,115,共通,経絡経穴概論,専門科目,経絡経穴概論,経穴部位,meridians-acupoints,長母指外転筋腱と短母指伸筋腱の間の経穴,,長母指外転筋腱と短母指伸筋腱の間（解剖学的嗅ぎ煙草入れ：鼻煙窩）に位置する経穴は陽渓（大腸経LI5）,,indexed_official,2020,180,
30-116,30,2022,116,共通,経絡経穴概論,専門科目,経絡経穴概論,経穴部位,meridians-acupoints,正中神経支配領域の経穴,,正中神経支配領域（前腕橈側・手掌橈側3.5指）にある経穴：内関（PC6）・大陵（PC7）・郄門（PC4）・列欠（LU7）・太淵（LU9）等,,indexed_official,2020,180,
30-117,30,2022,117,共通,経絡経穴概論,専門科目,経絡経穴概論,経穴部位,meridians-acupoints,第4・5中手骨間の経穴,,第4・5中手骨間に位置する経穴：液門（三焦経TE2・第4・5指間の水掻き部）・中渚（TE3・第4・5中手骨間・指背横紋近位）,,indexed_official,2020,180,
30-118,30,2022,118,共通,経絡経穴概論,専門科目,経絡経穴概論,取穴指標,meridians-acupoints,経穴と取り方の指標の組合せ,,取穴指標の種類：骨指標（陽陵泉・腓骨頭前下方）・皮膚のくぼみ（太渓・内踝後方）・筋腱指標（偏歴・橈骨茎状突起上方）・関節裂隙（環跳・股関節）,,indexed_official,2020,180,
30-119,30,2022,119,共通,経絡経穴概論,専門科目,経絡経穴概論,経脈関係,meridians-acupoints,表裏関係にある経脈の経穴,,手の太陰肺経（裏）⇔手の陽明大腸経（表）。両経に位置する経穴で隣接・対応するもの：列欠（LU7）⇔偏歴（LI6）等の絡穴の組合せ,,indexed_official,2020,180,
30-120,30,2022,120,共通,経絡経穴概論,専門科目,経絡経穴概論,経穴部位,meridians-acupoints,腓骨後方の経穴,,腓骨後方・腓腹筋外側縁と腓骨の間に位置する経穴：陽交（胆経GB35）・飛陽（膀胱経BL58・絡穴）・築賓（腎経KI9・陰維脈の郄穴）等,,indexed_official,2020,180,
30-121,30,2022,121,共通,経絡経穴概論,専門科目,経絡経穴概論,五兪穴,meridians-acupoints,五兪穴と咳嗽・発熱への選穴,,咳嗽・発熱（肺系の病証）に対する五兪穴の選穴：難経六十九難「虚則補其母」の法則適用。肺（金）の母は脾（土）→脾経または肺経の土穴を補う,,indexed_official,2020,180,
30-122,30,2022,122,共通,経絡経穴概論,専門科目,経絡経穴概論,経穴部位,meridians-acupoints,六つ灸と同高さの経穴,,六つ灸（膈兪・肝兪・脾兪を含む背部兪穴群）と同高さに位置する膀胱経第2行（外方3寸）の経穴：膏肓（T4）・魂門（T9）・意舎（T11）等の対応,,indexed_official,2020,180,
30-123,30,2022,123,共通,経絡経穴概論,専門科目,経絡経穴概論,五兪穴,meridians-acupoints,大腸下合穴所属経脈の経火穴,,大腸の下合穴は上巨虚（胃経ST37）。上巨虚が所属する胃経の経火穴（五兪穴「経」穴は五行配当の「火行」）は解谿（ST41）,,indexed_official,2020,180,
30-124,30,2022,124,共通,経絡経穴概論,専門科目,経絡経穴概論,経穴部位,meridians-acupoints,腓骨頭直下と脛骨粗面下端中間の経穴,,腓骨頭前下方陥凹は陽陵泉（GB34・筋の会穴）。腓骨頭直下と脛骨粗面下端中間に近い経穴の確認。膝関節周囲の経穴位置関係を整理,,indexed_official,2020,180,
30-125,30,2022,125,共通,はり理論,専門科目,はり理論,刺鍼反応,acupuncture-technique,皮膚温変化を示す反応点,,皮膚温変化（体表温度異常）を示す反応点：良導点（皮膚電気抵抗低下点）・圧痛点・過敏点。サーモグラフィで検出可能。内臓-体性反射で出現する,,indexed_official,2020,180,
30-126,30,2022,126,共通,きゅう理論,専門科目,きゅう理論,禁灸部位,acupuncture-technique,透熱灸を避けるべき経穴,,透熱灸（直接有痕灸）を避ける部位：顔面（色素沈着・瘢痕残存）・大血管上・粘膜・関節部・妊婦の腰腹部。睛明・承泣・瞳子髎などの眼周囲穴も禁忌,,indexed_official,2020,180,
30-127,30,2022,127,共通,東洋医学臨床論,専門科目,東洋医学臨床論,頭痛の治療,tcm-clinical,緊張型頭痛の罹患筋と治療穴,,緊張型頭痛：後頸部〜肩の筋群（僧帽筋・板状筋・後頭下筋群）の過緊張が原因。治療穴：風池（GB20）・天柱（BL10）・肩井（GB21）・合谷（LI4）,,indexed_official,2020,180,
30-128,30,2022,128,共通,はり理論,専門科目,はり理論,低周波鍼通電療法,acupuncture-technique,片麻痺への低周波鍼通電療法,,脳卒中片麻痺への低周波鍼通電療法：痙縮筋への高頻波（100Hz・エンケファリン系）・拮抗筋への低頻波（2Hz・βエンドルフィン系）。ペースメーカー患者は禁忌,,indexed_official,2020,180,
30-129,30,2022,129,共通,東洋医学臨床論,専門科目,東洋医学臨床論,神経根症状,tcm-clinical,障害神経根部位の判定,,上肢症状のデルマトーム：C5（肩外側）・C6（母指〜前腕橈側）・C7（中指〜前腕中央）・C8（環・小指〜前腕尺側）・T1（前腕内側）で判定,,indexed_official,2020,180,
30-130,30,2022,130,共通,東洋医学臨床論,専門科目,東洋医学臨床論,局所治療,tcm-clinical,神経根障害の局所治療穴,,頸椎神経根障害の局所治療穴：頸夾脊穴（C3〜T1レベル）・大椎・天柱・肩髃・臂臑。罹患神経根に対応した頸肩部の経穴・奇穴を使用,,indexed_official,2020,180,
30-131,30,2022,131,共通,東洋医学臨床論,専門科目,東洋医学臨床論,顎関節症,tcm-clinical,顎関節症の筋刺激,,顎関節症の刺鍼治療：咬筋・側頭筋・外側翼突筋が主な刺鍼対象。局所穴：下関（ST7）・頬車（ST6）・聴宮（SI19）。遠隔穴：合谷（LI4）,,indexed_official,2020,180,
30-132,30,2022,132,共通,東洋医学臨床論,専門科目,東洋医学臨床論,末梢神経治療,tcm-clinical,罹患神経に対応する治療穴,,末梢神経別治療穴：正中神経（内関・大陵・郄門）・尺骨神経（神門・通里・小海）・橈骨神経（偏歴・列欠・陽渓）・腓骨神経（陽陵泉・懸鐘）,,indexed_official,2020,180,
30-133,30,2022,133,共通,東洋医学臨床論,専門科目,東洋医学臨床論,顔面神経麻痺,tcm-clinical,顔面神経麻痺の後遺症,,顔面神経麻痺後遺症：顔面拘縮・病的共同運動（口を動かすと目が閉じる）・ワニの涙（咀嚼時の流涙）・顔面痙攣。後遺症期の刺鍼は強刺激を避ける,,indexed_official,2020,180,
30-134,30,2022,134,共通,東洋医学臨床論,専門科目,東洋医学臨床論,頭部神経痛,tcm-clinical,頭部神経痛の種類と治療穴,,三叉神経第1枝（眼窩上神経痛）：攅竹・陽白・頭維。後頭神経痛：天柱・風池・完骨。耳介側頭神経痛：翳風・聴会・太陽。神経分布に沿った取穴,,indexed_official,2020,180,
30-135,30,2022,135,共通,臨床医学各論,専門基礎科目,臨床医学各論,サルコペニア,musculoskeletal-disease,サルコペニアの特徴,,サルコペニアは加齢に伴う筋肉量・筋力・身体機能の低下。歩行速度低下（0.8m/s以下）・握力低下・体重減少が特徴。フレイルと密接に関連,,indexed_official,2020,180,
30-136,30,2022,136,共通,東洋医学臨床論,専門科目,東洋医学臨床論,治療効果評価,tcm-clinical,治療効果の評価方法,,東洋医学治療の効果評価：症状変化（VAS・NRS）・脈象変化・舌象変化・ROM・ADL評価（Barthel Index・FIM）を組み合わせる,,indexed_official,2020,180,
30-137,30,2022,137,共通,東洋医学臨床論,専門科目,東洋医学臨床論,筋の治療,tcm-clinical,症例の治療対象筋の特定,,症状部位・動作時痛・圧痛点の解剖学的評価から罹患筋を特定。デルマトーム・ミオトームを参考に罹患筋レベルの経穴を選択する,,indexed_official,2020,180,
30-138,30,2022,138,共通,東洋医学臨床論,専門科目,東洋医学臨床論,スポーツ障害,tcm-clinical,スポーツ障害別の治療穴,,スポーツ障害別治療穴：腸脛靱帯炎→風市・膝陽関・陽陵泉。テニス肘→手三里・曲池・肘髎。足底筋膜炎→太渓・照海・湧泉,,indexed_official,2020,180,
30-139,30,2022,139,共通,東洋医学臨床論,専門科目,東洋医学臨床論,スポーツ障害の検査,tcm-clinical,スポーツ障害の徒手検査法,,スポーツ障害の徒手検査：腸脛靱帯炎（Oberテスト）・テニス肘（トムゼンテスト・チェアテスト）・アキレス腱断裂（トンプソンテスト）,,indexed_official,2020,180,
30-140,30,2022,140,共通,東洋医学臨床論,専門科目,東洋医学臨床論,局所治療,tcm-clinical,症例の局所治療穴の選択,,罹患部位・疼痛分布・罹患組織（筋・腱・関節）から最適な局所治療穴を選択。経穴の主治・神経支配・解剖学的位置を根拠とする,,indexed_official,2020,180,
30-141,30,2022,141,共通,はり理論,専門科目,はり理論,刺法の種類,acupuncture-technique,刺法の種類と特徴,,日本鍼灸の刺法：単刺術（一刺し）・雀啄術（上下運動）・回旋術（回転）・屋漏術（断続弾入）・振せん術（振動）。補法は弱刺激・瀉法は強刺激,,indexed_official,2020,180,
30-142,30,2022,142,共通,東洋医学臨床論,専門科目,東洋医学臨床論,弁証論治,tcm-clinical,病証の治療方針の立て方,,証（病証）が確定したら治法（補虚・瀉実・散寒・清熱・活血・化痰・祛湿等）を決定し、治法に対応した経穴・刺灸法を選択する,,indexed_official,2020,180,
30-143,30,2022,143,共通,東洋医学臨床論,専門科目,東洋医学臨床論,弁証,tcm-clinical,病証の診断,,四診の情報（主症状・随伴症状・舌質色・舌苔・脈象）を八綱・臓腑・気血津液弁証の枠組みで分析し病証（証）を診断する,,indexed_official,2020,180,
30-144,30,2022,144,共通,東洋医学臨床論,専門科目,東洋医学臨床論,弁証,tcm-clinical,病証の随伴症状の把握,,主証に随伴する症状の分析：例えば肝気鬱結→胸脇脹痛・嘆息・情緒不安定・脈弦。腎陽虚→畏寒・下肢冷感・腰膝酸軟・夜間頻尿・脈沈遅,,indexed_official,2020,180,
30-145,30,2022,145,共通,東洋医学臨床論,専門科目,東洋医学臨床論,経脈病証,tcm-clinical,経脈病証に基づく治療穴,,経脈の是動病・所生病から罹患経脈を特定し、その経脈の要穴（原穴・郄穴・五兪穴・絡穴）を選択する。循経取穴の原則,,indexed_official,2020,180,
30-146,30,2022,146,共通,東洋医学臨床論,専門科目,東洋医学臨床論,月経痛,tcm-clinical,月経痛の弁証と治療方針,,月経痛（痛経）：気滞血瘀（刺痛・血塊）→理気活血化瘀。寒湿凝滞（冷えで悪化）→散寒除湿。気血両虚（隠痛・月経後増悪）→補気養血,,indexed_official,2020,180,
30-147,30,2022,147,共通,東洋医学臨床論,専門科目,東洋医学臨床論,上腹部症状,tcm-clinical,上腹部不快感の治療穴,,上腹部不快感・胃脘症状への治療穴：中脘（胃の募穴）・足三里（胃の下合穴）・内関（心包経・胸苦し止め）・公孫（脾経・衝脈交会穴）,,indexed_official,2020,180,
30-148,30,2022,148,共通,東洋医学臨床論,専門科目,東洋医学臨床論,弁証,tcm-clinical,陰部掻痒感の病証診断,,陰部掻痒感の弁証：肝経湿熱（黄帯・口苦・苔黄膩）→清肝熱・利湿。腎陰虚（五心煩熱・潮熱・舌紅少苔）→滋腎陰。脾気虚（倦怠感・白帯）→健脾,,indexed_official,2020,180,
30-149,30,2022,149,共通,東洋医学臨床論,専門科目,東洋医学臨床論,めまいの治療,tcm-clinical,めまい発作の治療穴,,めまい（眩暈）の治療穴：風池（GB20）・百会（GV20）・内関（PC6・止嘔）・翳風（TE17）・太衝（LV3・肝の要穴）・足三里（ST36）,,indexed_official,2020,180,
30-150,30,2022,150,共通,東洋医学臨床論,専門科目,東洋医学臨床論,疼痛治療,tcm-clinical,ワクチン接種後疼痛の治療穴,,ワクチン接種後肩・上腕の疼痛（SIRVA等）への治療穴：肩髃（LI15）・肩髎（TE14）・臑兪（SI10）・曲池（LI11）・合谷（LI4）・阿是穴,,indexed_official,2020,180,
30-151,30,2022,151,共通,東洋医学臨床論,専門科目,東洋医学臨床論,弁証,tcm-clinical,上腹部痛の病証診断,,胃脘痛の弁証：寒邪客胃（冷えで悪化・温めると楽）・食積（食後増悪・嘔気）・肝気犯胃（ストレスで悪化・脇痛）・胃陰虚（空腹感あり少食・舌紅）,,indexed_official,2020,180,
30-152,30,2022,152,共通,東洋医学臨床論,専門科目,東洋医学臨床論,弁証,tcm-clinical,上腹部痛の性質による病証判定,,痛みの性質から病証：刺痛（固定性）→瘀血。脹痛→気滞。隠痛（温めると楽・空腹で悪化）→虚寒。灼熱痛（口渇・舌紅）→熱証（胃熱）,,indexed_official,2020,180,
30-153,30,2022,153,共通,東洋医学臨床論,専門科目,東洋医学臨床論,病証の進行,tcm-clinical,症例の進行症状予測,,証の転化パターン：肝気鬱結→肝火上炎（頭痛・目充血・口苦・便秘）。気滞→血瘀（刺痛・シミ）。脾気虚→脾陽虚（下痢・浮腫）。進行を予測し早期対応,,indexed_official,2020,180,
30-154,30,2022,154,共通,東洋医学臨床論,専門科目,東洋医学臨床論,局所治療,tcm-clinical,症例の局所治療穴の選択,,症例の主症状部位・罹患組織・神経支配から局所治療穴を選択。骨指標・筋肉指標・経脈流注を根拠とした取穴が臨床では重要,,indexed_official,2020,180,
30-155,30,2022,155,共通,東洋医学臨床論,専門科目,東洋医学臨床論,脈診,tcm-clinical,月経痛の脈状判定,,月経痛の脈象による病証判定：沈弦→寒凝・肝気鬱。弦数→肝火・熱証。沈細→虚寒・血虚。渋→血瘀。滑→痰湿・食積。脈象と証の対応を整理,,indexed_official,2020,180,
30-156,30,2022,156,共通,東洋医学臨床論,専門科目,東洋医学臨床論,デルマトームと治療,tcm-clinical,デルマトームを考慮した治療穴の選択,,症状部位のデルマトームに属する経穴・夾脊穴を選択する取穴法。例：C6症状（母指・前腕橈側）→肺経（C6デルマトームと重複）の列欠・太淵,,indexed_official,2020,180,
30-157,30,2022,157,共通,東洋医学臨床論,専門科目,東洋医学臨床論,腰痛治療,tcm-clinical,腰痛患者における筋力低下,,腰痛患者の筋力低下：体幹インナーマッスル（腸腰筋・多裂筋・腹横筋）の機能低下が腰痛を増悪させる。筋力評価（MMT）から治療方針を決定,,indexed_official,2020,180,
30-158,30,2022,158,共通,東洋医学臨床論,専門科目,東洋医学臨床論,腰痛治療,tcm-clinical,腰部筋力低下への局所治療穴,,腰部・体幹筋の機能低下への局所治療穴：腎兪（BL23）・大腸兪（BL25）・環跳（GB30）・委中（BL40）・腰夾脊穴（L1〜L5）,,indexed_official,2020,180,
30-159,30,2022,159,共通,東洋医学臨床論,専門科目,東洋医学臨床論,浮腫の弁証,tcm-clinical,むくみ患者の治療臓腑,,浮腫（むくみ）に関わる臓腑：肺（宣発粛降・水の上源）・脾（運化・水湿停留防止）・腎（温化・気化機能）の三臓が水液代謝を担う,,indexed_official,2020,180,
30-160,30,2022,160,共通,東洋医学臨床論,専門科目,東洋医学臨床論,浮腫の治療,tcm-clinical,むくみへの治療穴,,浮腫の治療穴：水分（RN9・水液調節）・気海（RN6）・脾兪（BL20）・腎兪（BL23）・陰陵泉（SP9）・三陰交（SP6）・足三里（ST36）,,indexed_official,2020,180,
30-161,30,2022,161,共通,はり理論,専門科目,はり理論,鍼の形状,acupuncture-technique,打鍼法の鍼尖形状,,打鍼法（日本独自の刺鍼法・御園意斎創始）の鍼尖：円鍼形（丸い先端）。皮膚を刺し通さず経絡を叩打・押圧して刺激する。鍼を垂直に立て打つ,,indexed_official,2020,180,
30-162,30,2022,162,共通,はり理論,専門科目,はり理論,刺鍼手技,acupuncture-technique,刺鍼法と手技の組合せ,,刺鍼手技の名称と動作：雀啄術（上下の出入り運動）・回旋術（鍼体を軸とした回転）・屋漏術（弾くような断続的刺激）・振せん術（微細な振動）,,indexed_official,2020,180,
30-163,30,2022,163,共通,はり理論,専門科目,はり理論,古代鍼,acupuncture-technique,古代九鍼と三稜鍼の対応,,古代九鍼「鋒鍼（ほうしん）」が現代の三稜鍼に相当する。三角錐状の鍼尖で瀉血・排膿に使用する刺法（絡刺・豹文刺）で用いる,,indexed_official,2020,180,
30-164,30,2022,164,共通,はり理論,専門科目,はり理論,徒手検査と刺鍼,acupuncture-technique,徒手検査法と局所刺鍼の組合せ,,徒手検査で罹患部位を特定→局所刺鍼：ニールダウンテスト（+）→棘上筋。ドロップアームテスト（+）→棘上筋断裂。パターンを整理,,indexed_official,2020,180,
30-165,30,2022,165,共通,はり理論,専門科目,はり理論,刺鍼リスク管理,acupuncture-technique,置鍼時の折鍼リスク部位,,折鍼リスクが高い条件：細径鍼（01番以下）・長時間置鍼・筋運動が多い部位（頸肩・咬筋）・繰り返し使用による金属疲労。ディスポ鍼使用で予防,,indexed_official,2020,180,
30-166,30,2022,166,共通,はり理論,専門科目,はり理論,低周波鍼通電療法,acupuncture-technique,低周波鍼通電療法の安全対策,,低周波鍼通電療法の禁忌：心臓ペースメーカー装着者・心臓横切り通電・頸部への通電・妊婦の腰腹部。電極配置で心臓が回路に入らないよう注意,,indexed_official,2020,180,
30-167,30,2022,167,共通,はり理論,専門科目,はり理論,衛生管理,acupuncture-technique,鍼施術の衛生管理,,鍼施術の衛生管理：ディスポーザブル鍼の使用（一人一本）・刺鍼前の皮膚消毒（70%エタノール）・施術者の手指衛生（手洗い・消毒）・感染性廃棄物の適切な廃棄,,indexed_official,2020,180,
30-168,30,2022,168,共通,はり理論,専門科目,はり理論,神経生理,neurophysiology,ポリモーダル受容器の反応性,,ポリモーダル受容器（多形態侵害受容器）：機械的・熱・化学的刺激すべてに反応する多機能侵害受容器。C線維とAδ線維に接続。炎症性メディエーターで感作増強,,indexed_official,2020,180,
30-169,30,2022,169,共通,はり理論,専門科目,はり理論,神経生理,neurophysiology,鍼刺激の痛覚伝導路,,鍼刺激→Aδ（鋭い第一痛・11〜30m/s）とC線維（鈍い第二痛・0.5〜2m/s）→脊髄後角（Rexed Ⅰ〜Ⅱ層）→脊髄視床路→視床→大脳皮質,,indexed_official,2020,180,
30-170,30,2022,170,共通,はり理論,専門科目,はり理論,鍼鎮痛,acupuncture-technique,脊髄分節性鎮痛の機序,,脊髄分節性鎮痛：刺鍼部位と同一デルマトームの経穴に刺鍼→脊髄後角での侵害入力抑制（ゲートコントロール理論）。分節的な鎮痛を発揮する,,indexed_official,2020,180,
30-171,30,2022,171,共通,きゅう理論,専門科目,きゅう理論,艾の製造,acupuncture-technique,艾の製造工程と用具,,艾（もぐさ）の製造：ヨモギ葉を乾燥→粉砕（臼）→篩い分け→けんどん（夾雑物除去器具）→精製を繰り返す。高精製ほど繊維質が多く白くなる,,indexed_official,2020,180,
30-172,30,2022,172,共通,きゅう理論,専門科目,きゅう理論,灸の種類,acupuncture-technique,無痕灸の種類,,無痕灸（瘢痕を残さない灸）：棒灸（艾条灸）・温灸器使用・隔物灸（生姜灸・塩灸・附子餅灸）・灸頭鍼（鍼柄に艾を付ける）。透熱灸は有痕灸,,indexed_official,2020,180,
30-173,30,2022,173,共通,きゅう理論,専門科目,きゅう理論,灸の副作用,acupuncture-technique,施灸後の熱傷の程度判定,,熱傷の深度：Ⅰ度（発赤・灼熱感）・浅達性Ⅱ度（水疱・疼痛）・深達性Ⅱ度（水疱・知覚鈍麻）・Ⅲ度（壊死・潰瘍・知覚消失）。打膿灸は意図的なⅡ度熱傷,,indexed_official,2020,180,
30-174,30,2022,174,共通,きゅう理論,専門科目,きゅう理論,灸の副作用,acupuncture-technique,灸痕の化膿防止方法,,施灸後の化膿予防：灸痕を清潔保持（滅菌ガーゼ保護）・抗菌軟膏塗布。糖尿病患者・ステロイド長期服用・高齢者は易感染性・創傷治癒遅延に注意,,indexed_official,2020,180,
30-175,30,2022,175,共通,きゅう理論,専門科目,きゅう理論,灸の適応と注意,acupuncture-technique,副腎皮質ホルモン長期服用患者への施灸,,ステロイド（副腎皮質ホルモン）長期服用患者：皮膚菲薄化・易感染性・創傷治癒遅延があるため直接灸（透熱灸）は慎重に。温灸・隔物灸が推奨される,,indexed_official,2020,180,
30-176,30,2022,176,共通,きゅう理論,専門科目,きゅう理論,神経生理,neurophysiology,熱刺激の一次求心性神経線維,,灸の熱刺激を伝える一次求心性神経：Aδ線維（第一次痛・鋭い熱感・快速伝導）とC線維（第二次痛・ジンジンする鈍い熱感・遅伝導）。ポリモーダル受容器を介する,,indexed_official,2020,180,
30-177,30,2022,177,共通,きゅう理論,専門科目,きゅう理論,神経生理,neurophysiology,熱刺激伝導のシナプス部位,,灸の熱刺激（侵害性入力）のシナプス形成部位：脊髄後角のゼラチン質（Rexed Ⅱ層）が第一シナプス。ここでサブスタンスP・グルタミン酸が放出される,,indexed_official,2020,180,
30-178,30,2022,178,共通,きゅう理論,専門科目,きゅう理論,炎症メカニズム,acupuncture-technique,組織傷害によるアラキドン酸代謝産物,,組織傷害→アラキドン酸遊離→COX経路（シクロオキシゲナーゼ）：プロスタグランジン（PG）・トロンボキサン。LOX経路（リポキシゲナーゼ）：ロイコトリエン,,indexed_official,2020,180,
30-179,30,2022,179,共通,きゅう理論,専門科目,きゅう理論,局所炎症反応,acupuncture-technique,透熱灸による局所炎症反応,,透熱灸の局所反応順序：侵害受容器興奮→逆行性インパルス→神経ペプチド（サブスタンスP・CGRP）遊離→血管拡張（フレア）→水疱（Ⅱ度熱傷）,,indexed_official,2020,180,
30-180,30,2022,180,共通,きゅう理論,専門科目,きゅう理論,神経生理,neurophysiology,熱刺激によるアドレナリン増加機序,,灸の熱刺激→交感神経系の活性化（侵害刺激→脊髄→交感神経中枢→副腎髄質）→アドレナリン分泌増加。HPA軸を介した免疫調整・鎮痛作用にも関与,,indexed_official,2020,180,
